<?xml version="1.0" encoding="UTF-8" standalone="no"?>
<debugInfo>
    <manifest filename="C:\Users\andre\ownCloud\eclipse-workspace\DWatchFace\manifest.xml"/>
    <pcToLineNum>
        <entry filename="C:\\Users\\andre\\ownCloud\\eclipse-workspace\\DWatchFace\\source\\DWatchFaceBackground.mc" id="3" lineNum="8" pc="268436787" symbol="initialize"/>
        <entry filename="C:\\Users\\andre\\ownCloud\\eclipse-workspace\\DWatchFace\\source\\DWatchFaceBackground.mc" id="3" lineNum="9" pc="268436791" symbol="initialize"/>
        <entry filename="C:\\Users\\andre\\ownCloud\\eclipse-workspace\\DWatchFace\\source\\DWatchFaceBackground.mc" id="3" lineNum="13" pc="268436812" symbol="initialize"/>
        <entry filename="C:\\Users\\andre\\ownCloud\\eclipse-workspace\\DWatchFace\\source\\DWatchFaceBackground.mc" id="4" lineNum="16" pc="268436833" symbol="draw"/>
        <entry filename="C:\\Users\\andre\\ownCloud\\eclipse-workspace\\DWatchFace\\source\\DWatchFaceBackground.mc" id="4" lineNum="18" pc="268436837" symbol="draw"/>
        <entry filename="C:\\Users\\andre\\ownCloud\\eclipse-workspace\\DWatchFace\\source\\DWatchFaceBackground.mc" id="4" lineNum="19" pc="268436886" symbol="draw"/>
        <entry filename="C:\\Users\\andre\\ownCloud\\eclipse-workspace\\DWatchFace\\source\\DWatchFaceBackground.mc" id="4" lineNum="6" pc="268445223" symbol="&lt;init&gt;"/>
        <entry filename="C:\\Users\\andre\\ownCloud\\eclipse-workspace\\DWatchFace\\source\\BatteryHelper.mc" id="6" lineNum="23" pc="268436899" symbol="initialize"/>
        <entry filename="C:\\Users\\andre\\ownCloud\\eclipse-workspace\\DWatchFace\\source\\BatteryHelper.mc" id="6" lineNum="24" pc="268436903" symbol="initialize"/>
        <entry filename="C:\\Users\\andre\\ownCloud\\eclipse-workspace\\DWatchFace\\source\\BatteryHelper.mc" id="6" lineNum="28" pc="268436924" symbol="initialize"/>
        <entry filename="C:\\Users\\andre\\ownCloud\\eclipse-workspace\\DWatchFace\\source\\BatteryHelper.mc" id="6" lineNum="30" pc="268436944" symbol="initialize"/>
        <entry filename="C:\\Users\\andre\\ownCloud\\eclipse-workspace\\DWatchFace\\source\\BatteryHelper.mc" id="6" lineNum="31" pc="268436967" symbol="initialize"/>
        <entry filename="C:\\Users\\andre\\ownCloud\\eclipse-workspace\\DWatchFace\\source\\BatteryHelper.mc" id="6" lineNum="33" pc="268436990" symbol="initialize"/>
        <entry filename="C:\\Users\\andre\\ownCloud\\eclipse-workspace\\DWatchFace\\source\\BatteryHelper.mc" id="6" lineNum="34" pc="268437000" symbol="initialize"/>
        <entry filename="C:\\Users\\andre\\ownCloud\\eclipse-workspace\\DWatchFace\\source\\BatteryHelper.mc" id="6" lineNum="35" pc="268437010" symbol="initialize"/>
        <entry filename="C:\\Users\\andre\\ownCloud\\eclipse-workspace\\DWatchFace\\source\\BatteryHelper.mc" id="6" lineNum="36" pc="268437020" symbol="initialize"/>
        <entry filename="C:\\Users\\andre\\ownCloud\\eclipse-workspace\\DWatchFace\\source\\BatteryHelper.mc" id="6" lineNum="38" pc="268437030" symbol="initialize"/>
        <entry filename="C:\\Users\\andre\\ownCloud\\eclipse-workspace\\DWatchFace\\source\\BatteryHelper.mc" id="6" lineNum="39" pc="268437064" symbol="initialize"/>
        <entry filename="C:\\Users\\andre\\ownCloud\\eclipse-workspace\\DWatchFace\\source\\BatteryHelper.mc" id="6" lineNum="40" pc="268437098" symbol="initialize"/>
        <entry filename="C:\\Users\\andre\\ownCloud\\eclipse-workspace\\DWatchFace\\source\\BatteryHelper.mc" id="6" lineNum="41" pc="268437126" symbol="initialize"/>
        <entry filename="C:\\Users\\andre\\ownCloud\\eclipse-workspace\\DWatchFace\\source\\BatteryHelper.mc" id="6" lineNum="43" pc="268437154" symbol="initialize"/>
        <entry filename="C:\\Users\\andre\\ownCloud\\eclipse-workspace\\DWatchFace\\source\\BatteryHelper.mc" id="6" lineNum="44" pc="268437177" symbol="initialize"/>
        <entry filename="C:\\Users\\andre\\ownCloud\\eclipse-workspace\\DWatchFace\\source\\BatteryHelper.mc" id="6" lineNum="46" pc="268437202" symbol="initialize"/>
        <entry filename="C:\\Users\\andre\\ownCloud\\eclipse-workspace\\DWatchFace\\source\\BatteryHelper.mc" id="6" lineNum="47" pc="268437219" symbol="initialize"/>
        <entry filename="C:\\Users\\andre\\ownCloud\\eclipse-workspace\\DWatchFace\\source\\BatteryHelper.mc" id="6" lineNum="50" pc="268437235" symbol="initialize"/>
        <entry filename="C:\\Users\\andre\\ownCloud\\eclipse-workspace\\DWatchFace\\source\\BatteryHelper.mc" id="6" lineNum="51" pc="268437263" symbol="initialize"/>
        <entry filename="C:\\Users\\andre\\ownCloud\\eclipse-workspace\\DWatchFace\\source\\BatteryHelper.mc" id="6" lineNum="52" pc="268437294" symbol="initialize"/>
        <entry filename="C:\\Users\\andre\\ownCloud\\eclipse-workspace\\DWatchFace\\source\\BatteryHelper.mc" id="6" lineNum="54" pc="268437325" symbol="initialize"/>
        <entry filename="C:\\Users\\andre\\ownCloud\\eclipse-workspace\\DWatchFace\\source\\BatteryHelper.mc" id="6" lineNum="55" pc="268437348" symbol="initialize"/>
        <entry filename="C:\\Users\\andre\\ownCloud\\eclipse-workspace\\DWatchFace\\source\\BatteryHelper.mc" id="7" lineNum="59" pc="268437374" symbol="draw"/>
        <entry filename="C:\\Users\\andre\\ownCloud\\eclipse-workspace\\DWatchFace\\source\\BatteryHelper.mc" id="7" lineNum="60" pc="268437378" symbol="draw"/>
        <entry filename="C:\\Users\\andre\\ownCloud\\eclipse-workspace\\DWatchFace\\source\\BatteryHelper.mc" id="7" lineNum="61" pc="268437410" symbol="draw"/>
        <entry filename="C:\\Users\\andre\\ownCloud\\eclipse-workspace\\DWatchFace\\source\\BatteryHelper.mc" id="7" lineNum="62" pc="268437433" symbol="draw"/>
        <entry filename="C:\\Users\\andre\\ownCloud\\eclipse-workspace\\DWatchFace\\source\\BatteryHelper.mc" id="7" lineNum="63" pc="268437467" symbol="draw"/>
        <entry filename="C:\\Users\\andre\\ownCloud\\eclipse-workspace\\DWatchFace\\source\\BatteryHelper.mc" id="7" lineNum="65" pc="268437481" symbol="draw"/>
        <entry filename="C:\\Users\\andre\\ownCloud\\eclipse-workspace\\DWatchFace\\source\\BatteryHelper.mc" id="7" lineNum="66" pc="268437492" symbol="draw"/>
        <entry filename="C:\\Users\\andre\\ownCloud\\eclipse-workspace\\DWatchFace\\source\\BatteryHelper.mc" id="7" lineNum="68" pc="268437509" symbol="draw"/>
        <entry filename="C:\\Users\\andre\\ownCloud\\eclipse-workspace\\DWatchFace\\source\\BatteryHelper.mc" id="7" lineNum="69" pc="268437520" symbol="draw"/>
        <entry filename="C:\\Users\\andre\\ownCloud\\eclipse-workspace\\DWatchFace\\source\\BatteryHelper.mc" id="7" lineNum="71" pc="268437537" symbol="draw"/>
        <entry filename="C:\\Users\\andre\\ownCloud\\eclipse-workspace\\DWatchFace\\source\\BatteryHelper.mc" id="7" lineNum="72" pc="268437548" symbol="draw"/>
        <entry filename="C:\\Users\\andre\\ownCloud\\eclipse-workspace\\DWatchFace\\source\\BatteryHelper.mc" id="7" lineNum="75" pc="268437565" symbol="draw"/>
        <entry filename="C:\\Users\\andre\\ownCloud\\eclipse-workspace\\DWatchFace\\source\\BatteryHelper.mc" id="7" lineNum="76" pc="268437591" symbol="draw"/>
        <entry filename="C:\\Users\\andre\\ownCloud\\eclipse-workspace\\DWatchFace\\source\\BatteryHelper.mc" id="7" lineNum="77" pc="268437640" symbol="draw"/>
        <entry filename="C:\\Users\\andre\\ownCloud\\eclipse-workspace\\DWatchFace\\source\\BatteryHelper.mc" id="7" lineNum="78" pc="268437708" symbol="draw"/>
        <entry filename="C:\\Users\\andre\\ownCloud\\eclipse-workspace\\DWatchFace\\source\\BatteryHelper.mc" id="7" lineNum="79" pc="268437754" symbol="draw"/>
        <entry filename="C:\\Users\\andre\\ownCloud\\eclipse-workspace\\DWatchFace\\source\\BatteryHelper.mc" id="7" lineNum="81" pc="268437810" symbol="draw"/>
        <entry filename="C:\\Users\\andre\\ownCloud\\eclipse-workspace\\DWatchFace\\source\\BatteryHelper.mc" id="7" lineNum="12" pc="268445344" symbol="&lt;init&gt;"/>
        <entry filename="C:\\Users\\andre\\ownCloud\\eclipse-workspace\\DWatchFace\\source\\DWatchFaceApp.mc" id="9" lineNum="20" pc="268435456" symbol="initialize"/>
        <entry filename="C:\\Users\\andre\\ownCloud\\eclipse-workspace\\DWatchFace\\source\\DWatchFaceApp.mc" id="9" lineNum="21" pc="268435460" symbol="initialize"/>
        <entry filename="C:\\Users\\andre\\ownCloud\\eclipse-workspace\\DWatchFace\\source\\DWatchFaceApp.mc" id="9" lineNum="23" pc="268435478" symbol="initialize"/>
        <entry filename="C:\\Users\\andre\\ownCloud\\eclipse-workspace\\DWatchFace\\source\\DWatchFaceApp.mc" id="9" lineNum="26" pc="268435485" symbol="initialize"/>
        <entry filename="C:\\Users\\andre\\ownCloud\\eclipse-workspace\\DWatchFace\\source\\DWatchFaceApp.mc" id="9" lineNum="27" pc="268435503" symbol="initialize"/>
        <entry filename="C:\\Users\\andre\\ownCloud\\eclipse-workspace\\DWatchFace\\source\\DWatchFaceApp.mc" id="9" lineNum="30" pc="268435533" symbol="initialize"/>
        <entry filename="C:\\Users\\andre\\ownCloud\\eclipse-workspace\\DWatchFace\\source\\DWatchFaceApp.mc" id="9" lineNum="32" pc="268435553" symbol="initialize"/>
        <entry filename="C:\\Users\\andre\\ownCloud\\eclipse-workspace\\DWatchFace\\source\\DWatchFaceApp.mc" id="10" lineNum="37" pc="268435568" symbol="onStart"/>
        <entry filename="C:\\Users\\andre\\ownCloud\\eclipse-workspace\\DWatchFace\\source\\DWatchFaceApp.mc" id="11" lineNum="41" pc="268435573" symbol="onStop"/>
        <entry filename="C:\\Users\\andre\\ownCloud\\eclipse-workspace\\DWatchFace\\source\\DWatchFaceApp.mc" id="12" lineNum="45" pc="268435578" symbol="getInitialView"/>
        <entry filename="C:\\Users\\andre\\ownCloud\\eclipse-workspace\\DWatchFace\\source\\DWatchFaceApp.mc" id="12" lineNum="46" pc="268435582" symbol="getInitialView"/>
        <entry filename="C:\\Users\\andre\\ownCloud\\eclipse-workspace\\DWatchFace\\source\\DWatchFaceApp.mc" id="12" lineNum="47" pc="268435605" symbol="getInitialView"/>
        <entry filename="C:\\Users\\andre\\ownCloud\\eclipse-workspace\\DWatchFace\\source\\DWatchFaceApp.mc" id="12" lineNum="56" pc="268435615" symbol="getInitialView"/>
        <entry filename="C:\\Users\\andre\\ownCloud\\eclipse-workspace\\DWatchFace\\source\\DWatchFaceApp.mc" id="12" lineNum="57" pc="268435629" symbol="getInitialView"/>
        <entry filename="C:\\Users\\andre\\ownCloud\\eclipse-workspace\\DWatchFace\\source\\DWatchFaceApp.mc" id="12" lineNum="58" pc="268435646" symbol="getInitialView"/>
        <entry filename="C:\\Users\\andre\\ownCloud\\eclipse-workspace\\DWatchFace\\source\\DWatchFaceApp.mc" id="12" lineNum="60" pc="268435653" symbol="getInitialView"/>
        <entry filename="C:\\Users\\andre\\ownCloud\\eclipse-workspace\\DWatchFace\\source\\DWatchFaceApp.mc" id="12" lineNum="61" pc="268435697" symbol="getInitialView"/>
        <entry filename="C:\\Users\\andre\\ownCloud\\eclipse-workspace\\DWatchFace\\source\\DWatchFaceApp.mc" id="12" lineNum="63" pc="268435718" symbol="getInitialView"/>
        <entry filename="C:\\Users\\andre\\ownCloud\\eclipse-workspace\\DWatchFace\\source\\DWatchFaceApp.mc" id="12" lineNum="69" pc="268435755" symbol="getInitialView"/>
        <entry filename="C:\\Users\\andre\\ownCloud\\eclipse-workspace\\DWatchFace\\source\\DWatchFaceApp.mc" id="12" lineNum="71" pc="268435778" symbol="getInitialView"/>
        <entry filename="C:\\Users\\andre\\ownCloud\\eclipse-workspace\\DWatchFace\\source\\DWatchFaceApp.mc" id="13" lineNum="74" pc="268435816" symbol="onBackgroundData"/>
        <entry filename="C:\\Users\\andre\\ownCloud\\eclipse-workspace\\DWatchFace\\source\\DWatchFaceApp.mc" id="13" lineNum="75" pc="268435820" symbol="onBackgroundData"/>
        <entry filename="C:\\Users\\andre\\ownCloud\\eclipse-workspace\\DWatchFace\\source\\DWatchFaceApp.mc" id="13" lineNum="76" pc="268435839" symbol="onBackgroundData"/>
        <entry filename="C:\\Users\\andre\\ownCloud\\eclipse-workspace\\DWatchFace\\source\\DWatchFaceApp.mc" id="13" lineNum="78" pc="268435884" symbol="onBackgroundData"/>
        <entry filename="C:\\Users\\andre\\ownCloud\\eclipse-workspace\\DWatchFace\\source\\DWatchFaceApp.mc" id="13" lineNum="79" pc="268435910" symbol="onBackgroundData"/>
        <entry filename="C:\\Users\\andre\\ownCloud\\eclipse-workspace\\DWatchFace\\source\\DWatchFaceApp.mc" id="13" lineNum="80" pc="268435920" symbol="onBackgroundData"/>
        <entry filename="C:\\Users\\andre\\ownCloud\\eclipse-workspace\\DWatchFace\\source\\DWatchFaceApp.mc" id="13" lineNum="81" pc="268435940" symbol="onBackgroundData"/>
        <entry filename="C:\\Users\\andre\\ownCloud\\eclipse-workspace\\DWatchFace\\source\\DWatchFaceApp.mc" id="13" lineNum="82" pc="268435965" symbol="onBackgroundData"/>
        <entry filename="C:\\Users\\andre\\ownCloud\\eclipse-workspace\\DWatchFace\\source\\DWatchFaceApp.mc" id="13" lineNum="85" pc="268435996" symbol="onBackgroundData"/>
        <entry filename="C:\\Users\\andre\\ownCloud\\eclipse-workspace\\DWatchFace\\source\\DWatchFaceApp.mc" id="13" lineNum="86" pc="268436010" symbol="onBackgroundData"/>
        <entry filename="C:\\Users\\andre\\ownCloud\\eclipse-workspace\\DWatchFace\\source\\DWatchFaceApp.mc" id="13" lineNum="87" pc="268436057" symbol="onBackgroundData"/>
        <entry filename="C:\\Users\\andre\\ownCloud\\eclipse-workspace\\DWatchFace\\source\\DWatchFaceApp.mc" id="13" lineNum="92" pc="268436073" symbol="onBackgroundData"/>
        <entry filename="C:\\Users\\andre\\ownCloud\\eclipse-workspace\\DWatchFace\\source\\DWatchFaceApp.mc" id="13" lineNum="93" pc="268436096" symbol="onBackgroundData"/>
        <entry filename="C:\\Users\\andre\\ownCloud\\eclipse-workspace\\DWatchFace\\source\\DWatchFaceApp.mc" id="13" lineNum="94" pc="268436106" symbol="onBackgroundData"/>
        <entry filename="C:\\Users\\andre\\ownCloud\\eclipse-workspace\\DWatchFace\\source\\DWatchFaceApp.mc" id="13" lineNum="98" pc="268436153" symbol="onBackgroundData"/>
        <entry filename="C:\\Users\\andre\\ownCloud\\eclipse-workspace\\DWatchFace\\source\\DWatchFaceApp.mc" id="13" lineNum="99" pc="268436173" symbol="onBackgroundData"/>
        <entry filename="C:\\Users\\andre\\ownCloud\\eclipse-workspace\\DWatchFace\\source\\DWatchFaceApp.mc" id="13" lineNum="100" pc="268436214" symbol="onBackgroundData"/>
        <entry filename="C:\\Users\\andre\\ownCloud\\eclipse-workspace\\DWatchFace\\source\\DWatchFaceApp.mc" id="14" lineNum="104" pc="268436234" symbol="getServiceDelegate"/>
        <entry filename="C:\\Users\\andre\\ownCloud\\eclipse-workspace\\DWatchFace\\source\\DWatchFaceApp.mc" id="14" lineNum="105" pc="268436238" symbol="getServiceDelegate"/>
        <entry filename="C:\\Users\\andre\\ownCloud\\eclipse-workspace\\DWatchFace\\source\\DWatchFaceApp.mc" id="15" lineNum="109" pc="268436276" symbol="onSettingsChanged"/>
        <entry filename="C:\\Users\\andre\\ownCloud\\eclipse-workspace\\DWatchFace\\source\\DWatchFaceApp.mc" id="15" lineNum="110" pc="268436280" symbol="onSettingsChanged"/>
        <entry filename="C:\\Users\\andre\\ownCloud\\eclipse-workspace\\DWatchFace\\source\\DWatchFaceApp.mc" id="15" lineNum="18" pc="268436749" symbol="&lt;init&gt;"/>
        <entry filename="C:\\Users\\andre\\ownCloud\\eclipse-workspace\\DWatchFace\\source\\DWatchFaceApp.mc" id="16" lineNum="115" pc="268437823" symbol="getApp"/>
        <entry filename="C:\\Users\\andre\\ownCloud\\eclipse-workspace\\DWatchFace\\source\\DWatchFaceApp.mc" id="16" lineNum="116" pc="268437835" symbol="getApp"/>
        <entry filename="C:\\Users\\andre\\ownCloud\\eclipse-workspace\\DWatchFace\\source\\DWatchFaceView.mc" id="18" lineNum="26" pc="268437852" symbol="initialize"/>
        <entry filename="C:\\Users\\andre\\ownCloud\\eclipse-workspace\\DWatchFace\\source\\DWatchFaceView.mc" id="18" lineNum="27" pc="268437856" symbol="initialize"/>
        <entry filename="C:\\Users\\andre\\ownCloud\\eclipse-workspace\\DWatchFace\\source\\DWatchFaceView.mc" id="18" lineNum="35" pc="268437874" symbol="initialize"/>
        <entry filename="C:\\Users\\andre\\ownCloud\\eclipse-workspace\\DWatchFace\\source\\DWatchFaceView.mc" id="18" lineNum="37" pc="268437877" symbol="initialize"/>
        <entry filename="C:\\Users\\andre\\ownCloud\\eclipse-workspace\\DWatchFace\\source\\DWatchFaceView.mc" id="18" lineNum="37" pc="268437901" symbol="initialize"/>
        <entry filename="C:\\Users\\andre\\ownCloud\\eclipse-workspace\\DWatchFace\\source\\DWatchFaceView.mc" id="18" lineNum="39" pc="268437914" symbol="initialize"/>
        <entry filename="C:\\Users\\andre\\ownCloud\\eclipse-workspace\\DWatchFace\\source\\DWatchFaceView.mc" id="18" lineNum="40" pc="268437957" symbol="initialize"/>
        <entry filename="C:\\Users\\andre\\ownCloud\\eclipse-workspace\\DWatchFace\\source\\DWatchFaceView.mc" id="18" lineNum="42" pc="268438000" symbol="initialize"/>
        <entry filename="C:\\Users\\andre\\ownCloud\\eclipse-workspace\\DWatchFace\\source\\DWatchFaceView.mc" id="18" lineNum="43" pc="268438043" symbol="initialize"/>
        <entry filename="C:\\Users\\andre\\ownCloud\\eclipse-workspace\\DWatchFace\\source\\DWatchFaceView.mc" id="18" lineNum="45" pc="268438086" symbol="initialize"/>
        <entry filename="C:\\Users\\andre\\ownCloud\\eclipse-workspace\\DWatchFace\\source\\DWatchFaceView.mc" id="18" lineNum="46" pc="268438114" symbol="initialize"/>
        <entry filename="C:\\Users\\andre\\ownCloud\\eclipse-workspace\\DWatchFace\\source\\DWatchFaceView.mc" id="18" lineNum="47" pc="268438121" symbol="initialize"/>
        <entry filename="C:\\Users\\andre\\ownCloud\\eclipse-workspace\\DWatchFace\\source\\DWatchFaceView.mc" id="19" lineNum="52" pc="268438135" symbol="onLayout"/>
        <entry filename="C:\\Users\\andre\\ownCloud\\eclipse-workspace\\DWatchFace\\source\\DWatchFaceView.mc" id="19" lineNum="53" pc="268438139" symbol="onLayout"/>
        <entry filename="C:\\Users\\andre\\ownCloud\\eclipse-workspace\\DWatchFace\\source\\DWatchFaceView.mc" id="20" lineNum="59" pc="268438177" symbol="onShow"/>
        <entry filename="C:\\Users\\andre\\ownCloud\\eclipse-workspace\\DWatchFace\\source\\DWatchFaceView.mc" id="21" lineNum="62" pc="268438182" symbol="th"/>
        <entry filename="C:\\Users\\andre\\ownCloud\\eclipse-workspace\\DWatchFace\\source\\DWatchFaceView.mc" id="21" lineNum="64" pc="268438186" symbol="th"/>
        <entry filename="C:\\Users\\andre\\ownCloud\\eclipse-workspace\\DWatchFace\\source\\DWatchFaceView.mc" id="21" lineNum="65" pc="268438214" symbol="th"/>
        <entry filename="C:\\Users\\andre\\ownCloud\\eclipse-workspace\\DWatchFace\\source\\DWatchFaceView.mc" id="22" lineNum="69" pc="268438218" symbol="initTidesHeight"/>
        <entry filename="C:\\Users\\andre\\ownCloud\\eclipse-workspace\\DWatchFace\\source\\DWatchFaceView.mc" id="22" lineNum="71" pc="268438222" symbol="initTidesHeight"/>
        <entry filename="C:\\Users\\andre\\ownCloud\\eclipse-workspace\\DWatchFace\\source\\DWatchFaceView.mc" id="22" lineNum="72" pc="268438257" symbol="initTidesHeight"/>
        <entry filename="C:\\Users\\andre\\ownCloud\\eclipse-workspace\\DWatchFace\\source\\DWatchFaceView.mc" id="22" lineNum="73" pc="268438264" symbol="initTidesHeight"/>
        <entry filename="C:\\Users\\andre\\ownCloud\\eclipse-workspace\\DWatchFace\\source\\DWatchFaceView.mc" id="22" lineNum="74" pc="268438271" symbol="initTidesHeight"/>
        <entry filename="C:\\Users\\andre\\ownCloud\\eclipse-workspace\\DWatchFace\\source\\DWatchFaceView.mc" id="22" lineNum="75" pc="268438278" symbol="initTidesHeight"/>
        <entry filename="C:\\Users\\andre\\ownCloud\\eclipse-workspace\\DWatchFace\\source\\DWatchFaceView.mc" id="22" lineNum="76" pc="268438285" symbol="initTidesHeight"/>
        <entry filename="C:\\Users\\andre\\ownCloud\\eclipse-workspace\\DWatchFace\\source\\DWatchFaceView.mc" id="22" lineNum="77" pc="268438292" symbol="initTidesHeight"/>
        <entry filename="C:\\Users\\andre\\ownCloud\\eclipse-workspace\\DWatchFace\\source\\DWatchFaceView.mc" id="22" lineNum="79" pc="268438299" symbol="initTidesHeight"/>
        <entry filename="C:\\Users\\andre\\ownCloud\\eclipse-workspace\\DWatchFace\\source\\DWatchFaceView.mc" id="22" lineNum="80" pc="268438313" symbol="initTidesHeight"/>
        <entry filename="C:\\Users\\andre\\ownCloud\\eclipse-workspace\\DWatchFace\\source\\DWatchFaceView.mc" id="22" lineNum="81" pc="268438331" symbol="initTidesHeight"/>
        <entry filename="C:\\Users\\andre\\ownCloud\\eclipse-workspace\\DWatchFace\\source\\DWatchFaceView.mc" id="22" lineNum="82" pc="268438354" symbol="initTidesHeight"/>
        <entry filename="C:\\Users\\andre\\ownCloud\\eclipse-workspace\\DWatchFace\\source\\DWatchFaceView.mc" id="22" lineNum="83" pc="268438373" symbol="initTidesHeight"/>
        <entry filename="C:\\Users\\andre\\ownCloud\\eclipse-workspace\\DWatchFace\\source\\DWatchFaceView.mc" id="22" lineNum="84" pc="268438392" symbol="initTidesHeight"/>
        <entry filename="C:\\Users\\andre\\ownCloud\\eclipse-workspace\\DWatchFace\\source\\DWatchFaceView.mc" id="22" lineNum="85" pc="268438424" symbol="initTidesHeight"/>
        <entry filename="C:\\Users\\andre\\ownCloud\\eclipse-workspace\\DWatchFace\\source\\DWatchFaceView.mc" id="22" lineNum="87" pc="268438484" symbol="initTidesHeight"/>
        <entry filename="C:\\Users\\andre\\ownCloud\\eclipse-workspace\\DWatchFace\\source\\DWatchFaceView.mc" id="22" lineNum="89" pc="268438503" symbol="initTidesHeight"/>
        <entry filename="C:\\Users\\andre\\ownCloud\\eclipse-workspace\\DWatchFace\\source\\DWatchFaceView.mc" id="22" lineNum="90" pc="268438522" symbol="initTidesHeight"/>
        <entry filename="C:\\Users\\andre\\ownCloud\\eclipse-workspace\\DWatchFace\\source\\DWatchFaceView.mc" id="22" lineNum="92" pc="268438554" symbol="initTidesHeight"/>
        <entry filename="C:\\Users\\andre\\ownCloud\\eclipse-workspace\\DWatchFace\\source\\DWatchFaceView.mc" id="22" lineNum="93" pc="268438583" symbol="initTidesHeight"/>
        <entry filename="C:\\Users\\andre\\ownCloud\\eclipse-workspace\\DWatchFace\\source\\DWatchFaceView.mc" id="22" lineNum="94" pc="268438608" symbol="initTidesHeight"/>
        <entry filename="C:\\Users\\andre\\ownCloud\\eclipse-workspace\\DWatchFace\\source\\DWatchFaceView.mc" id="22" lineNum="95" pc="268438633" symbol="initTidesHeight"/>
        <entry filename="C:\\Users\\andre\\ownCloud\\eclipse-workspace\\DWatchFace\\source\\DWatchFaceView.mc" id="22" lineNum="96" pc="268438665" symbol="initTidesHeight"/>
        <entry filename="C:\\Users\\andre\\ownCloud\\eclipse-workspace\\DWatchFace\\source\\DWatchFaceView.mc" id="22" lineNum="98" pc="268438731" symbol="initTidesHeight"/>
        <entry filename="C:\\Users\\andre\\ownCloud\\eclipse-workspace\\DWatchFace\\source\\DWatchFaceView.mc" id="22" lineNum="100" pc="268438756" symbol="initTidesHeight"/>
        <entry filename="C:\\Users\\andre\\ownCloud\\eclipse-workspace\\DWatchFace\\source\\DWatchFaceView.mc" id="22" lineNum="101" pc="268438781" symbol="initTidesHeight"/>
        <entry filename="C:\\Users\\andre\\ownCloud\\eclipse-workspace\\DWatchFace\\source\\DWatchFaceView.mc" id="22" lineNum="103" pc="268438813" symbol="initTidesHeight"/>
        <entry filename="C:\\Users\\andre\\ownCloud\\eclipse-workspace\\DWatchFace\\source\\DWatchFaceView.mc" id="22" lineNum="104" pc="268438827" symbol="initTidesHeight"/>
        <entry filename="C:\\Users\\andre\\ownCloud\\eclipse-workspace\\DWatchFace\\source\\DWatchFaceView.mc" id="22" lineNum="106" pc="268438840" symbol="initTidesHeight"/>
        <entry filename="C:\\Users\\andre\\ownCloud\\eclipse-workspace\\DWatchFace\\source\\DWatchFaceView.mc" id="22" lineNum="107" pc="268438854" symbol="initTidesHeight"/>
        <entry filename="C:\\Users\\andre\\ownCloud\\eclipse-workspace\\DWatchFace\\source\\DWatchFaceView.mc" id="22" lineNum="112" pc="268438867" symbol="initTidesHeight"/>
        <entry filename="C:\\Users\\andre\\ownCloud\\eclipse-workspace\\DWatchFace\\source\\DWatchFaceView.mc" id="22" lineNum="113" pc="268438878" symbol="initTidesHeight"/>
        <entry filename="C:\\Users\\andre\\ownCloud\\eclipse-workspace\\DWatchFace\\source\\DWatchFaceView.mc" id="22" lineNum="114" pc="268438886" symbol="initTidesHeight"/>
        <entry filename="C:\\Users\\andre\\ownCloud\\eclipse-workspace\\DWatchFace\\source\\DWatchFaceView.mc" id="22" lineNum="115" pc="268438893" symbol="initTidesHeight"/>
        <entry filename="C:\\Users\\andre\\ownCloud\\eclipse-workspace\\DWatchFace\\source\\DWatchFaceView.mc" id="22" lineNum="116" pc="268438916" symbol="initTidesHeight"/>
        <entry filename="C:\\Users\\andre\\ownCloud\\eclipse-workspace\\DWatchFace\\source\\DWatchFaceView.mc" id="22" lineNum="118" pc="268438926" symbol="initTidesHeight"/>
        <entry filename="C:\\Users\\andre\\ownCloud\\eclipse-workspace\\DWatchFace\\source\\DWatchFaceView.mc" id="22" lineNum="119" pc="268438945" symbol="initTidesHeight"/>
        <entry filename="C:\\Users\\andre\\ownCloud\\eclipse-workspace\\DWatchFace\\source\\DWatchFaceView.mc" id="22" lineNum="120" pc="268438977" symbol="initTidesHeight"/>
        <entry filename="C:\\Users\\andre\\ownCloud\\eclipse-workspace\\DWatchFace\\source\\DWatchFaceView.mc" id="22" lineNum="122" pc="268438990" symbol="initTidesHeight"/>
        <entry filename="C:\\Users\\andre\\ownCloud\\eclipse-workspace\\DWatchFace\\source\\DWatchFaceView.mc" id="22" lineNum="123" pc="268438994" symbol="initTidesHeight"/>
        <entry filename="C:\\Users\\andre\\ownCloud\\eclipse-workspace\\DWatchFace\\source\\DWatchFaceView.mc" id="22" lineNum="126" pc="268439001" symbol="initTidesHeight"/>
        <entry filename="C:\\Users\\andre\\ownCloud\\eclipse-workspace\\DWatchFace\\source\\DWatchFaceView.mc" id="22" lineNum="134" pc="268439008" symbol="initTidesHeight"/>
        <entry filename="C:\\Users\\andre\\ownCloud\\eclipse-workspace\\DWatchFace\\source\\DWatchFaceView.mc" id="22" lineNum="135" pc="268439021" symbol="initTidesHeight"/>
        <entry filename="C:\\Users\\andre\\ownCloud\\eclipse-workspace\\DWatchFace\\source\\DWatchFaceView.mc" id="22" lineNum="136" pc="268439028" symbol="initTidesHeight"/>
        <entry filename="C:\\Users\\andre\\ownCloud\\eclipse-workspace\\DWatchFace\\source\\DWatchFaceView.mc" id="22" lineNum="139" pc="268439054" symbol="initTidesHeight"/>
        <entry filename="C:\\Users\\andre\\ownCloud\\eclipse-workspace\\DWatchFace\\source\\DWatchFaceView.mc" id="22" lineNum="140" pc="268439061" symbol="initTidesHeight"/>
        <entry filename="C:\\Users\\andre\\ownCloud\\eclipse-workspace\\DWatchFace\\source\\DWatchFaceView.mc" id="22" lineNum="141" pc="268439072" symbol="initTidesHeight"/>
        <entry filename="C:\\Users\\andre\\ownCloud\\eclipse-workspace\\DWatchFace\\source\\DWatchFaceView.mc" id="22" lineNum="145" pc="268439079" symbol="initTidesHeight"/>
        <entry filename="C:\\Users\\andre\\ownCloud\\eclipse-workspace\\DWatchFace\\source\\DWatchFaceView.mc" id="22" lineNum="146" pc="268439097" symbol="initTidesHeight"/>
        <entry filename="C:\\Users\\andre\\ownCloud\\eclipse-workspace\\DWatchFace\\source\\DWatchFaceView.mc" id="22" lineNum="147" pc="268439121" symbol="initTidesHeight"/>
        <entry filename="C:\\Users\\andre\\ownCloud\\eclipse-workspace\\DWatchFace\\source\\DWatchFaceView.mc" id="22" lineNum="151" pc="268439167" symbol="initTidesHeight"/>
        <entry filename="C:\\Users\\andre\\ownCloud\\eclipse-workspace\\DWatchFace\\source\\DWatchFaceView.mc" id="23" lineNum="155" pc="268439178" symbol="drawTides"/>
        <entry filename="C:\\Users\\andre\\ownCloud\\eclipse-workspace\\DWatchFace\\source\\DWatchFaceView.mc" id="23" lineNum="156" pc="268439182" symbol="drawTides"/>
        <entry filename="C:\\Users\\andre\\ownCloud\\eclipse-workspace\\DWatchFace\\source\\DWatchFaceView.mc" id="23" lineNum="157" pc="268439189" symbol="drawTides"/>
        <entry filename="C:\\Users\\andre\\ownCloud\\eclipse-workspace\\DWatchFace\\source\\DWatchFaceView.mc" id="23" lineNum="158" pc="268439196" symbol="drawTides"/>
        <entry filename="C:\\Users\\andre\\ownCloud\\eclipse-workspace\\DWatchFace\\source\\DWatchFaceView.mc" id="23" lineNum="159" pc="268439203" symbol="drawTides"/>
        <entry filename="C:\\Users\\andre\\ownCloud\\eclipse-workspace\\DWatchFace\\source\\DWatchFaceView.mc" id="23" lineNum="161" pc="268439210" symbol="drawTides"/>
        <entry filename="C:\\Users\\andre\\ownCloud\\eclipse-workspace\\DWatchFace\\source\\DWatchFaceView.mc" id="23" lineNum="162" pc="268439217" symbol="drawTides"/>
        <entry filename="C:\\Users\\andre\\ownCloud\\eclipse-workspace\\DWatchFace\\source\\DWatchFaceView.mc" id="23" lineNum="163" pc="268439224" symbol="drawTides"/>
        <entry filename="C:\\Users\\andre\\ownCloud\\eclipse-workspace\\DWatchFace\\source\\DWatchFaceView.mc" id="23" lineNum="164" pc="268439231" symbol="drawTides"/>
        <entry filename="C:\\Users\\andre\\ownCloud\\eclipse-workspace\\DWatchFace\\source\\DWatchFaceView.mc" id="23" lineNum="165" pc="268439238" symbol="drawTides"/>
        <entry filename="C:\\Users\\andre\\ownCloud\\eclipse-workspace\\DWatchFace\\source\\DWatchFaceView.mc" id="23" lineNum="170" pc="268439255" symbol="drawTides"/>
        <entry filename="C:\\Users\\andre\\ownCloud\\eclipse-workspace\\DWatchFace\\source\\DWatchFaceView.mc" id="23" lineNum="171" pc="268439269" symbol="drawTides"/>
        <entry filename="C:\\Users\\andre\\ownCloud\\eclipse-workspace\\DWatchFace\\source\\DWatchFaceView.mc" id="23" lineNum="173" pc="268439285" symbol="drawTides"/>
        <entry filename="C:\\Users\\andre\\ownCloud\\eclipse-workspace\\DWatchFace\\source\\DWatchFaceView.mc" id="23" lineNum="174" pc="268439300" symbol="drawTides"/>
        <entry filename="C:\\Users\\andre\\ownCloud\\eclipse-workspace\\DWatchFace\\source\\DWatchFaceView.mc" id="23" lineNum="177" pc="268439367" symbol="drawTides"/>
        <entry filename="C:\\Users\\andre\\ownCloud\\eclipse-workspace\\DWatchFace\\source\\DWatchFaceView.mc" id="23" lineNum="179" pc="268439475" symbol="drawTides"/>
        <entry filename="C:\\Users\\andre\\ownCloud\\eclipse-workspace\\DWatchFace\\source\\DWatchFaceView.mc" id="23" lineNum="180" pc="268439495" symbol="drawTides"/>
        <entry filename="C:\\Users\\andre\\ownCloud\\eclipse-workspace\\DWatchFace\\source\\DWatchFaceView.mc" id="23" lineNum="183" pc="268439534" symbol="drawTides"/>
        <entry filename="C:\\Users\\andre\\ownCloud\\eclipse-workspace\\DWatchFace\\source\\DWatchFaceView.mc" id="23" lineNum="185" pc="268439608" symbol="drawTides"/>
        <entry filename="C:\\Users\\andre\\ownCloud\\eclipse-workspace\\DWatchFace\\source\\DWatchFaceView.mc" id="23" lineNum="186" pc="268439628" symbol="drawTides"/>
        <entry filename="C:\\Users\\andre\\ownCloud\\eclipse-workspace\\DWatchFace\\source\\DWatchFaceView.mc" id="24" lineNum="198" pc="268439684" symbol="degToCompass"/>
        <entry filename="C:\\Users\\andre\\ownCloud\\eclipse-workspace\\DWatchFace\\source\\DWatchFaceView.mc" id="24" lineNum="199" pc="268439688" symbol="degToCompass"/>
        <entry filename="C:\\Users\\andre\\ownCloud\\eclipse-workspace\\DWatchFace\\source\\DWatchFaceView.mc" id="24" lineNum="201" pc="268439904" symbol="degToCompass"/>
        <entry filename="C:\\Users\\andre\\ownCloud\\eclipse-workspace\\DWatchFace\\source\\DWatchFaceView.mc" id="24" lineNum="202" pc="268439929" symbol="degToCompass"/>
        <entry filename="C:\\Users\\andre\\ownCloud\\eclipse-workspace\\DWatchFace\\source\\DWatchFaceView.mc" id="24" lineNum="204" pc="268439939" symbol="degToCompass"/>
        <entry filename="C:\\Users\\andre\\ownCloud\\eclipse-workspace\\DWatchFace\\source\\DWatchFaceView.mc" id="25" lineNum="209" pc="268439946" symbol="WI"/>
        <entry filename="C:\\Users\\andre\\ownCloud\\eclipse-workspace\\DWatchFace\\source\\DWatchFaceView.mc" id="25" lineNum="210" pc="268439950" symbol="WI"/>
        <entry filename="C:\\Users\\andre\\ownCloud\\eclipse-workspace\\DWatchFace\\source\\DWatchFaceView.mc" id="25" lineNum="211" pc="268439957" symbol="WI"/>
        <entry filename="C:\\Users\\andre\\ownCloud\\eclipse-workspace\\DWatchFace\\source\\DWatchFaceView.mc" id="25" lineNum="211" pc="268439982" symbol="WI"/>
        <entry filename="C:\\Users\\andre\\ownCloud\\eclipse-workspace\\DWatchFace\\source\\DWatchFaceView.mc" id="25" lineNum="212" pc="268439992" symbol="WI"/>
        <entry filename="C:\\Users\\andre\\ownCloud\\eclipse-workspace\\DWatchFace\\source\\DWatchFaceView.mc" id="25" lineNum="212" pc="268440003" symbol="WI"/>
        <entry filename="C:\\Users\\andre\\ownCloud\\eclipse-workspace\\DWatchFace\\source\\DWatchFaceView.mc" id="25" lineNum="213" pc="268440013" symbol="WI"/>
        <entry filename="C:\\Users\\andre\\ownCloud\\eclipse-workspace\\DWatchFace\\source\\DWatchFaceView.mc" id="25" lineNum="213" pc="268440066" symbol="WI"/>
        <entry filename="C:\\Users\\andre\\ownCloud\\eclipse-workspace\\DWatchFace\\source\\DWatchFaceView.mc" id="25" lineNum="214" pc="268440076" symbol="WI"/>
        <entry filename="C:\\Users\\andre\\ownCloud\\eclipse-workspace\\DWatchFace\\source\\DWatchFaceView.mc" id="25" lineNum="214" pc="268440101" symbol="WI"/>
        <entry filename="C:\\Users\\andre\\ownCloud\\eclipse-workspace\\DWatchFace\\source\\DWatchFaceView.mc" id="25" lineNum="215" pc="268440111" symbol="WI"/>
        <entry filename="C:\\Users\\andre\\ownCloud\\eclipse-workspace\\DWatchFace\\source\\DWatchFaceView.mc" id="25" lineNum="215" pc="268440122" symbol="WI"/>
        <entry filename="C:\\Users\\andre\\ownCloud\\eclipse-workspace\\DWatchFace\\source\\DWatchFaceView.mc" id="25" lineNum="216" pc="268440132" symbol="WI"/>
        <entry filename="C:\\Users\\andre\\ownCloud\\eclipse-workspace\\DWatchFace\\source\\DWatchFaceView.mc" id="25" lineNum="216" pc="268440199" symbol="WI"/>
        <entry filename="C:\\Users\\andre\\ownCloud\\eclipse-workspace\\DWatchFace\\source\\DWatchFaceView.mc" id="25" lineNum="217" pc="268440209" symbol="WI"/>
        <entry filename="C:\\Users\\andre\\ownCloud\\eclipse-workspace\\DWatchFace\\source\\DWatchFaceView.mc" id="25" lineNum="217" pc="268440304" symbol="WI"/>
        <entry filename="C:\\Users\\andre\\ownCloud\\eclipse-workspace\\DWatchFace\\source\\DWatchFaceView.mc" id="25" lineNum="218" pc="268440314" symbol="WI"/>
        <entry filename="C:\\Users\\andre\\ownCloud\\eclipse-workspace\\DWatchFace\\source\\DWatchFaceView.mc" id="25" lineNum="218" pc="268440353" symbol="WI"/>
        <entry filename="C:\\Users\\andre\\ownCloud\\eclipse-workspace\\DWatchFace\\source\\DWatchFaceView.mc" id="25" lineNum="219" pc="268440363" symbol="WI"/>
        <entry filename="C:\\Users\\andre\\ownCloud\\eclipse-workspace\\DWatchFace\\source\\DWatchFaceView.mc" id="25" lineNum="219" pc="268440458" symbol="WI"/>
        <entry filename="C:\\Users\\andre\\ownCloud\\eclipse-workspace\\DWatchFace\\source\\DWatchFaceView.mc" id="25" lineNum="220" pc="268440468" symbol="WI"/>
        <entry filename="C:\\Users\\andre\\ownCloud\\eclipse-workspace\\DWatchFace\\source\\DWatchFaceView.mc" id="25" lineNum="222" pc="268440475" symbol="WI"/>
        <entry filename="C:\\Users\\andre\\ownCloud\\eclipse-workspace\\DWatchFace\\source\\DWatchFaceView.mc" id="26" lineNum="226" pc="268440479" symbol="onUpdate"/>
        <entry filename="C:\\Users\\andre\\ownCloud\\eclipse-workspace\\DWatchFace\\source\\DWatchFaceView.mc" id="26" lineNum="227" pc="268440483" symbol="onUpdate"/>
        <entry filename="C:\\Users\\andre\\ownCloud\\eclipse-workspace\\DWatchFace\\source\\DWatchFaceView.mc" id="26" lineNum="229" pc="268440490" symbol="onUpdate"/>
        <entry filename="C:\\Users\\andre\\ownCloud\\eclipse-workspace\\DWatchFace\\source\\DWatchFaceView.mc" id="26" lineNum="230" pc="268440501" symbol="onUpdate"/>
        <entry filename="C:\\Users\\andre\\ownCloud\\eclipse-workspace\\DWatchFace\\source\\DWatchFaceView.mc" id="26" lineNum="233" pc="268440518" symbol="onUpdate"/>
        <entry filename="C:\\Users\\andre\\ownCloud\\eclipse-workspace\\DWatchFace\\source\\DWatchFaceView.mc" id="26" lineNum="234" pc="268440568" symbol="onUpdate"/>
        <entry filename="C:\\Users\\andre\\ownCloud\\eclipse-workspace\\DWatchFace\\source\\DWatchFaceView.mc" id="26" lineNum="235" pc="268440595" symbol="onUpdate"/>
        <entry filename="C:\\Users\\andre\\ownCloud\\eclipse-workspace\\DWatchFace\\source\\DWatchFaceView.mc" id="26" lineNum="238" pc="268440625" symbol="onUpdate"/>
        <entry filename="C:\\Users\\andre\\ownCloud\\eclipse-workspace\\DWatchFace\\source\\DWatchFaceView.mc" id="26" lineNum="240" pc="268440645" symbol="onUpdate"/>
        <entry filename="C:\\Users\\andre\\ownCloud\\eclipse-workspace\\DWatchFace\\source\\DWatchFaceView.mc" id="26" lineNum="245" pc="268440662" symbol="onUpdate"/>
        <entry filename="C:\\Users\\andre\\ownCloud\\eclipse-workspace\\DWatchFace\\source\\DWatchFaceView.mc" id="26" lineNum="246" pc="268440698" symbol="onUpdate"/>
        <entry filename="C:\\Users\\andre\\ownCloud\\eclipse-workspace\\DWatchFace\\source\\DWatchFaceView.mc" id="26" lineNum="247" pc="268440714" symbol="onUpdate"/>
        <entry filename="C:\\Users\\andre\\ownCloud\\eclipse-workspace\\DWatchFace\\source\\DWatchFaceView.mc" id="26" lineNum="248" pc="268440738" symbol="onUpdate"/>
        <entry filename="C:\\Users\\andre\\ownCloud\\eclipse-workspace\\DWatchFace\\source\\DWatchFaceView.mc" id="26" lineNum="252" pc="268440754" symbol="onUpdate"/>
        <entry filename="C:\\Users\\andre\\ownCloud\\eclipse-workspace\\DWatchFace\\source\\DWatchFaceView.mc" id="26" lineNum="253" pc="268440782" symbol="onUpdate"/>
        <entry filename="C:\\Users\\andre\\ownCloud\\eclipse-workspace\\DWatchFace\\source\\DWatchFaceView.mc" id="26" lineNum="254" pc="268440806" symbol="onUpdate"/>
        <entry filename="C:\\Users\\andre\\ownCloud\\eclipse-workspace\\DWatchFace\\source\\DWatchFaceView.mc" id="26" lineNum="258" pc="268440819" symbol="onUpdate"/>
        <entry filename="C:\\Users\\andre\\ownCloud\\eclipse-workspace\\DWatchFace\\source\\DWatchFaceView.mc" id="26" lineNum="259" pc="268440870" symbol="onUpdate"/>
        <entry filename="C:\\Users\\andre\\ownCloud\\eclipse-workspace\\DWatchFace\\source\\DWatchFaceView.mc" id="26" lineNum="260" pc="268440890" symbol="onUpdate"/>
        <entry filename="C:\\Users\\andre\\ownCloud\\eclipse-workspace\\DWatchFace\\source\\DWatchFaceView.mc" id="26" lineNum="265" pc="268440915" symbol="onUpdate"/>
        <entry filename="C:\\Users\\andre\\ownCloud\\eclipse-workspace\\DWatchFace\\source\\DWatchFaceView.mc" id="26" lineNum="266" pc="268440951" symbol="onUpdate"/>
        <entry filename="C:\\Users\\andre\\ownCloud\\eclipse-workspace\\DWatchFace\\source\\DWatchFaceView.mc" id="26" lineNum="269" pc="268440970" symbol="onUpdate"/>
        <entry filename="C:\\Users\\andre\\ownCloud\\eclipse-workspace\\DWatchFace\\source\\DWatchFaceView.mc" id="26" lineNum="270" pc="268441012" symbol="onUpdate"/>
        <entry filename="C:\\Users\\andre\\ownCloud\\eclipse-workspace\\DWatchFace\\source\\DWatchFaceView.mc" id="26" lineNum="275" pc="268441028" symbol="onUpdate"/>
        <entry filename="C:\\Users\\andre\\ownCloud\\eclipse-workspace\\DWatchFace\\source\\DWatchFaceView.mc" id="26" lineNum="276" pc="268441035" symbol="onUpdate"/>
        <entry filename="C:\\Users\\andre\\ownCloud\\eclipse-workspace\\DWatchFace\\source\\DWatchFaceView.mc" id="26" lineNum="277" pc="268441052" symbol="onUpdate"/>
        <entry filename="C:\\Users\\andre\\ownCloud\\eclipse-workspace\\DWatchFace\\source\\DWatchFaceView.mc" id="26" lineNum="278" pc="268441062" symbol="onUpdate"/>
        <entry filename="C:\\Users\\andre\\ownCloud\\eclipse-workspace\\DWatchFace\\source\\DWatchFaceView.mc" id="26" lineNum="279" pc="268441087" symbol="onUpdate"/>
        <entry filename="C:\\Users\\andre\\ownCloud\\eclipse-workspace\\DWatchFace\\source\\DWatchFaceView.mc" id="26" lineNum="280" pc="268441098" symbol="onUpdate"/>
        <entry filename="C:\\Users\\andre\\ownCloud\\eclipse-workspace\\DWatchFace\\source\\DWatchFaceView.mc" id="26" lineNum="291" pc="268441114" symbol="onUpdate"/>
        <entry filename="C:\\Users\\andre\\ownCloud\\eclipse-workspace\\DWatchFace\\source\\DWatchFaceView.mc" id="26" lineNum="293" pc="268441158" symbol="onUpdate"/>
        <entry filename="C:\\Users\\andre\\ownCloud\\eclipse-workspace\\DWatchFace\\source\\DWatchFaceView.mc" id="26" lineNum="303" pc="268441206" symbol="onUpdate"/>
        <entry filename="C:\\Users\\andre\\ownCloud\\eclipse-workspace\\DWatchFace\\source\\DWatchFaceView.mc" id="26" lineNum="305" pc="268441242" symbol="onUpdate"/>
        <entry filename="C:\\Users\\andre\\ownCloud\\eclipse-workspace\\DWatchFace\\source\\DWatchFaceView.mc" id="26" lineNum="318" pc="268441262" symbol="onUpdate"/>
        <entry filename="C:\\Users\\andre\\ownCloud\\eclipse-workspace\\DWatchFace\\source\\DWatchFaceView.mc" id="26" lineNum="320" pc="268441286" symbol="onUpdate"/>
        <entry filename="C:\\Users\\andre\\ownCloud\\eclipse-workspace\\DWatchFace\\source\\DWatchFaceView.mc" id="26" lineNum="322" pc="268441306" symbol="onUpdate"/>
        <entry filename="C:\\Users\\andre\\ownCloud\\eclipse-workspace\\DWatchFace\\source\\DWatchFaceView.mc" id="26" lineNum="324" pc="268441330" symbol="onUpdate"/>
        <entry filename="C:\\Users\\andre\\ownCloud\\eclipse-workspace\\DWatchFace\\source\\DWatchFaceView.mc" id="26" lineNum="326" pc="268441364" symbol="onUpdate"/>
        <entry filename="C:\\Users\\andre\\ownCloud\\eclipse-workspace\\DWatchFace\\source\\DWatchFaceView.mc" id="26" lineNum="329" pc="268441388" symbol="onUpdate"/>
        <entry filename="C:\\Users\\andre\\ownCloud\\eclipse-workspace\\DWatchFace\\source\\DWatchFaceView.mc" id="26" lineNum="331" pc="268441402" symbol="onUpdate"/>
        <entry filename="C:\\Users\\andre\\ownCloud\\eclipse-workspace\\DWatchFace\\source\\DWatchFaceView.mc" id="26" lineNum="332" pc="268441426" symbol="onUpdate"/>
        <entry filename="C:\\Users\\andre\\ownCloud\\eclipse-workspace\\DWatchFace\\source\\DWatchFaceView.mc" id="26" lineNum="334" pc="268441480" symbol="onUpdate"/>
        <entry filename="C:\\Users\\andre\\ownCloud\\eclipse-workspace\\DWatchFace\\source\\DWatchFaceView.mc" id="26" lineNum="335" pc="268441504" symbol="onUpdate"/>
        <entry filename="C:\\Users\\andre\\ownCloud\\eclipse-workspace\\DWatchFace\\source\\DWatchFaceView.mc" id="26" lineNum="336" pc="268441557" symbol="onUpdate"/>
        <entry filename="C:\\Users\\andre\\ownCloud\\eclipse-workspace\\DWatchFace\\source\\DWatchFaceView.mc" id="26" lineNum="338" pc="268441592" symbol="onUpdate"/>
        <entry filename="C:\\Users\\andre\\ownCloud\\eclipse-workspace\\DWatchFace\\source\\DWatchFaceView.mc" id="26" lineNum="340" pc="268441609" symbol="onUpdate"/>
        <entry filename="C:\\Users\\andre\\ownCloud\\eclipse-workspace\\DWatchFace\\source\\DWatchFaceView.mc" id="26" lineNum="341" pc="268441633" symbol="onUpdate"/>
        <entry filename="C:\\Users\\andre\\ownCloud\\eclipse-workspace\\DWatchFace\\source\\DWatchFaceView.mc" id="26" lineNum="342" pc="268441686" symbol="onUpdate"/>
        <entry filename="C:\\Users\\andre\\ownCloud\\eclipse-workspace\\DWatchFace\\source\\DWatchFaceView.mc" id="26" lineNum="343" pc="268441712" symbol="onUpdate"/>
        <entry filename="C:\\Users\\andre\\ownCloud\\eclipse-workspace\\DWatchFace\\source\\DWatchFaceView.mc" id="26" lineNum="344" pc="268441745" symbol="onUpdate"/>
        <entry filename="C:\\Users\\andre\\ownCloud\\eclipse-workspace\\DWatchFace\\source\\DWatchFaceView.mc" id="26" lineNum="346" pc="268441778" symbol="onUpdate"/>
        <entry filename="C:\\Users\\andre\\ownCloud\\eclipse-workspace\\DWatchFace\\source\\DWatchFaceView.mc" id="26" lineNum="349" pc="268441811" symbol="onUpdate"/>
        <entry filename="C:\\Users\\andre\\ownCloud\\eclipse-workspace\\DWatchFace\\source\\DWatchFaceView.mc" id="26" lineNum="350" pc="268441841" symbol="onUpdate"/>
        <entry filename="C:\\Users\\andre\\ownCloud\\eclipse-workspace\\DWatchFace\\source\\DWatchFaceView.mc" id="26" lineNum="354" pc="268441858" symbol="onUpdate"/>
        <entry filename="C:\\Users\\andre\\ownCloud\\eclipse-workspace\\DWatchFace\\source\\DWatchFaceView.mc" id="26" lineNum="355" pc="268441882" symbol="onUpdate"/>
        <entry filename="C:\\Users\\andre\\ownCloud\\eclipse-workspace\\DWatchFace\\source\\DWatchFaceView.mc" id="26" lineNum="356" pc="268441935" symbol="onUpdate"/>
        <entry filename="C:\\Users\\andre\\ownCloud\\eclipse-workspace\\DWatchFace\\source\\DWatchFaceView.mc" id="26" lineNum="358" pc="268442035" symbol="onUpdate"/>
        <entry filename="C:\\Users\\andre\\ownCloud\\eclipse-workspace\\DWatchFace\\source\\DWatchFaceView.mc" id="26" lineNum="361" pc="268442052" symbol="onUpdate"/>
        <entry filename="C:\\Users\\andre\\ownCloud\\eclipse-workspace\\DWatchFace\\source\\DWatchFaceView.mc" id="26" lineNum="362" pc="268442076" symbol="onUpdate"/>
        <entry filename="C:\\Users\\andre\\ownCloud\\eclipse-workspace\\DWatchFace\\source\\DWatchFaceView.mc" id="26" lineNum="363" pc="268442129" symbol="onUpdate"/>
        <entry filename="C:\\Users\\andre\\ownCloud\\eclipse-workspace\\DWatchFace\\source\\DWatchFaceView.mc" id="26" lineNum="365" pc="268442202" symbol="onUpdate"/>
        <entry filename="C:\\Users\\andre\\ownCloud\\eclipse-workspace\\DWatchFace\\source\\DWatchFaceView.mc" id="26" lineNum="368" pc="268442219" symbol="onUpdate"/>
        <entry filename="C:\\Users\\andre\\ownCloud\\eclipse-workspace\\DWatchFace\\source\\DWatchFaceView.mc" id="26" lineNum="369" pc="268442243" symbol="onUpdate"/>
        <entry filename="C:\\Users\\andre\\ownCloud\\eclipse-workspace\\DWatchFace\\source\\DWatchFaceView.mc" id="26" lineNum="370" pc="268442256" symbol="onUpdate"/>
        <entry filename="C:\\Users\\andre\\ownCloud\\eclipse-workspace\\DWatchFace\\source\\DWatchFaceView.mc" id="26" lineNum="372" pc="268442272" symbol="onUpdate"/>
        <entry filename="C:\\Users\\andre\\ownCloud\\eclipse-workspace\\DWatchFace\\source\\DWatchFaceView.mc" id="26" lineNum="375" pc="268442292" symbol="onUpdate"/>
        <entry filename="C:\\Users\\andre\\ownCloud\\eclipse-workspace\\DWatchFace\\source\\DWatchFaceView.mc" id="26" lineNum="376" pc="268442326" symbol="onUpdate"/>
        <entry filename="C:\\Users\\andre\\ownCloud\\eclipse-workspace\\DWatchFace\\source\\DWatchFaceView.mc" id="26" lineNum="378" pc="268442370" symbol="onUpdate"/>
        <entry filename="C:\\Users\\andre\\ownCloud\\eclipse-workspace\\DWatchFace\\source\\DWatchFaceView.mc" id="26" lineNum="379" pc="268442387" symbol="onUpdate"/>
        <entry filename="C:\\Users\\andre\\ownCloud\\eclipse-workspace\\DWatchFace\\source\\DWatchFaceView.mc" id="26" lineNum="380" pc="268442394" symbol="onUpdate"/>
        <entry filename="C:\\Users\\andre\\ownCloud\\eclipse-workspace\\DWatchFace\\source\\DWatchFaceView.mc" id="26" lineNum="383" pc="268442464" symbol="onUpdate"/>
        <entry filename="C:\\Users\\andre\\ownCloud\\eclipse-workspace\\DWatchFace\\source\\DWatchFaceView.mc" id="26" lineNum="384" pc="268442478" symbol="onUpdate"/>
        <entry filename="C:\\Users\\andre\\ownCloud\\eclipse-workspace\\DWatchFace\\source\\DWatchFaceView.mc" id="27" lineNum="392" pc="268442496" symbol="onHide"/>
        <entry filename="C:\\Users\\andre\\ownCloud\\eclipse-workspace\\DWatchFace\\source\\DWatchFaceView.mc" id="28" lineNum="396" pc="268442501" symbol="onExitSleep"/>
        <entry filename="C:\\Users\\andre\\ownCloud\\eclipse-workspace\\DWatchFace\\source\\DWatchFaceView.mc" id="29" lineNum="401" pc="268442506" symbol="onEnterSleep"/>
        <entry filename="C:\\Users\\andre\\ownCloud\\eclipse-workspace\\DWatchFace\\source\\DWatchFaceView.mc" id="29" lineNum="15" pc="268445242" symbol="&lt;init&gt;"/>
        <entry filename="C:\\Users\\andre\\ownCloud\\eclipse-workspace\\DWatchFace\\source\\DWatchFaceView.mc" id="29" lineNum="17" pc="268445260" symbol="&lt;init&gt;"/>
        <entry filename="C:\\Users\\andre\\ownCloud\\eclipse-workspace\\DWatchFace\\source\\DWatchFaceView.mc" id="29" lineNum="20" pc="268445274" symbol="&lt;init&gt;"/>
        <entry filename="C:\\Users\\andre\\ownCloud\\eclipse-workspace\\DWatchFace\\source\\BackgroundServiceDelegate.mc" id="31" lineNum="13" pc="268436297" symbol="initialize"/>
        <entry filename="C:\\Users\\andre\\ownCloud\\eclipse-workspace\\DWatchFace\\source\\BackgroundServiceDelegate.mc" id="31" lineNum="14" pc="268436301" symbol="initialize"/>
        <entry filename="C:\\Users\\andre\\ownCloud\\eclipse-workspace\\DWatchFace\\source\\BackgroundServiceDelegate.mc" id="31" lineNum="15" pc="268436323" symbol="initialize"/>
        <entry filename="C:\\Users\\andre\\ownCloud\\eclipse-workspace\\DWatchFace\\source\\BackgroundServiceDelegate.mc" id="32" lineNum="18" pc="268436334" symbol="onTemporalEvent"/>
        <entry filename="C:\\Users\\andre\\ownCloud\\eclipse-workspace\\DWatchFace\\source\\BackgroundServiceDelegate.mc" id="32" lineNum="19" pc="268436338" symbol="onTemporalEvent"/>
        <entry filename="C:\\Users\\andre\\ownCloud\\eclipse-workspace\\DWatchFace\\source\\BackgroundServiceDelegate.mc" id="32" lineNum="20" pc="268436345" symbol="onTemporalEvent"/>
        <entry filename="C:\\Users\\andre\\ownCloud\\eclipse-workspace\\DWatchFace\\source\\BackgroundServiceDelegate.mc" id="32" lineNum="22" pc="268436359" symbol="onTemporalEvent"/>
        <entry filename="C:\\Users\\andre\\ownCloud\\eclipse-workspace\\DWatchFace\\source\\BackgroundServiceDelegate.mc" id="32" lineNum="23" pc="268436393" symbol="onTemporalEvent"/>
        <entry filename="C:\\Users\\andre\\ownCloud\\eclipse-workspace\\DWatchFace\\source\\BackgroundServiceDelegate.mc" id="32" lineNum="33" pc="268436443" symbol="onTemporalEvent"/>
        <entry filename="C:\\Users\\andre\\ownCloud\\eclipse-workspace\\DWatchFace\\source\\BackgroundServiceDelegate.mc" id="32" lineNum="36" pc="268436467" symbol="onTemporalEvent"/>
        <entry filename="C:\\Users\\andre\\ownCloud\\eclipse-workspace\\DWatchFace\\source\\BackgroundServiceDelegate.mc" id="32" lineNum="37" pc="268436488" symbol="onTemporalEvent"/>
        <entry filename="C:\\Users\\andre\\ownCloud\\eclipse-workspace\\DWatchFace\\source\\BackgroundServiceDelegate.mc" id="33" lineNum="47" pc="268436503" symbol="responseCallback"/>
        <entry filename="C:\\Users\\andre\\ownCloud\\eclipse-workspace\\DWatchFace\\source\\BackgroundServiceDelegate.mc" id="33" lineNum="49" pc="268436507" symbol="responseCallback"/>
        <entry filename="C:\\Users\\andre\\ownCloud\\eclipse-workspace\\DWatchFace\\source\\BackgroundServiceDelegate.mc" id="33" lineNum="51" pc="268436507" symbol="responseCallback"/>
        <entry filename="C:\\Users\\andre\\ownCloud\\eclipse-workspace\\DWatchFace\\source\\BackgroundServiceDelegate.mc" id="33" lineNum="53" pc="268436518" symbol="responseCallback"/>
        <entry filename="C:\\Users\\andre\\ownCloud\\eclipse-workspace\\DWatchFace\\source\\BackgroundServiceDelegate.mc" id="33" lineNum="55" pc="268436536" symbol="responseCallback"/>
        <entry filename="C:\\Users\\andre\\ownCloud\\eclipse-workspace\\DWatchFace\\source\\BackgroundServiceDelegate.mc" id="33" lineNum="57" pc="268436543" symbol="responseCallback"/>
        <entry filename="C:\\Users\\andre\\ownCloud\\eclipse-workspace\\DWatchFace\\source\\BackgroundServiceDelegate.mc" id="33" lineNum="58" pc="268436567" symbol="responseCallback"/>
        <entry filename="C:\\Users\\andre\\ownCloud\\eclipse-workspace\\DWatchFace\\source\\BackgroundServiceDelegate.mc" id="33" lineNum="61" pc="268436577" symbol="responseCallback"/>
        <entry filename="C:\\Users\\andre\\ownCloud\\eclipse-workspace\\DWatchFace\\source\\BackgroundServiceDelegate.mc" id="34" lineNum="64" pc="268436596" symbol="makeRequest"/>
        <entry filename="C:\\Users\\andre\\ownCloud\\eclipse-workspace\\DWatchFace\\source\\BackgroundServiceDelegate.mc" id="34" lineNum="65" pc="268436600" symbol="makeRequest"/>
        <entry filename="C:\\Users\\andre\\ownCloud\\eclipse-workspace\\DWatchFace\\source\\BackgroundServiceDelegate.mc" id="34" lineNum="70" pc="268436603" symbol="makeRequest"/>
        <entry filename="C:\\Users\\andre\\ownCloud\\eclipse-workspace\\DWatchFace\\source\\BackgroundServiceDelegate.mc" id="34" lineNum="82" pc="268436685" symbol="makeRequest"/>
        <entry filename="C:\\Users\\andre\\ownCloud\\eclipse-workspace\\DWatchFace\\source\\BackgroundServiceDelegate.mc" id="34" lineNum="83" pc="268436709" symbol="makeRequest"/>
        <entry filename="C:\\Users\\andre\\ownCloud\\eclipse-workspace\\DWatchFace\\source\\BackgroundServiceDelegate.mc" id="34" lineNum="10" pc="268436768" symbol="&lt;init&gt;"/>
        <entry filename="Rez" id="38" lineNum="14" pc="268442511" symbol="initialize"/>
        <entry filename="Rez" id="38" lineNum="15" pc="268442515" symbol="initialize"/>
        <entry filename="Rez" id="39" lineNum="18" pc="268442540" symbol="draw"/>
        <entry filename="Rez" id="39" lineNum="19" pc="268442544" symbol="draw"/>
        <entry filename="Rez" id="39" lineNum="20" pc="268442580" symbol="draw"/>
        <entry filename="Rez" id="39" lineNum="21" pc="268442612" symbol="draw"/>
        <entry filename="Rez" id="39" lineNum="23" pc="268442648" symbol="draw"/>
        <entry filename="Rez" id="39" lineNum="24" pc="268442684" symbol="draw"/>
        <entry filename="Rez" id="39" lineNum="26" pc="268442716" symbol="draw"/>
        <entry filename="Rez" id="39" lineNum="27" pc="268442752" symbol="draw"/>
        <entry filename="Rez" id="39" lineNum="29" pc="268442784" symbol="draw"/>
        <entry filename="Rez" id="39" lineNum="30" pc="268442820" symbol="draw"/>
        <entry filename="Rez" id="39" lineNum="32" pc="268442852" symbol="draw"/>
        <entry filename="Rez" id="39" lineNum="33" pc="268442888" symbol="draw"/>
        <entry filename="Rez" id="39" lineNum="35" pc="268442920" symbol="draw"/>
        <entry filename="Rez" id="39" lineNum="36" pc="268442956" symbol="draw"/>
        <entry filename="Rez" id="39" lineNum="12" pc="268445320" symbol="&lt;init&gt;"/>
        <entry filename="Rez" id="43" lineNum="57" pc="268442989" symbol="WatchFace"/>
        <entry filename="Rez" id="43" lineNum="59" pc="268443001" symbol="WatchFace"/>
        <entry filename="Rez" id="43" lineNum="60" pc="268443025" symbol="WatchFace"/>
        <entry filename="Rez" id="43" lineNum="61" pc="268443065" symbol="WatchFace"/>
        <entry filename="Rez" id="43" lineNum="62" pc="268443078" symbol="WatchFace"/>
        <entry filename="Rez" id="43" lineNum="64" pc="268443094" symbol="WatchFace"/>
        <entry filename="Rez" id="43" lineNum="65" pc="268443118" symbol="WatchFace"/>
        <entry filename="Rez" id="43" lineNum="66" pc="268443251" symbol="WatchFace"/>
        <entry filename="Rez" id="43" lineNum="67" pc="268443384" symbol="WatchFace"/>
        <entry filename="Rez" id="43" lineNum="68" pc="268443517" symbol="WatchFace"/>
        <entry filename="Rez" id="43" lineNum="69" pc="268443650" symbol="WatchFace"/>
        <entry filename="Rez" id="43" lineNum="70" pc="268443783" symbol="WatchFace"/>
        <entry filename="Rez" id="43" lineNum="71" pc="268443916" symbol="WatchFace"/>
        <entry filename="Rez" id="43" lineNum="72" pc="268444049" symbol="WatchFace"/>
        <entry filename="Rez" id="43" lineNum="73" pc="268444182" symbol="WatchFace"/>
        <entry filename="Rez" id="43" lineNum="74" pc="268444315" symbol="WatchFace"/>
        <entry filename="Rez" id="43" lineNum="75" pc="268444461" symbol="WatchFace"/>
        <entry filename="Rez" id="43" lineNum="76" pc="268444607" symbol="WatchFace"/>
        <entry filename="Rez" id="43" lineNum="77" pc="268444753" symbol="WatchFace"/>
        <entry filename="Rez" id="43" lineNum="78" pc="268444899" symbol="WatchFace"/>
        <entry filename="Rez" id="43" lineNum="80" pc="268445045" symbol="WatchFace"/>
        <entry filename="Rez" id="45" lineNum="1" pc="268445295" symbol="&lt;init&gt;"/>
    </pcToLineNum>
    <symbolTable>
        <entry id="32" method="true" symbol="initTidesHeight"/>
        <entry id="8388639" module="true" symbol="Graphics"/>
        <entry id="34" method="true" symbol="degToCompass"/>
        <entry id="8389346" symbol="text"/>
        <entry field="true" id="11" symbol="canDoBG"/>
        <entry field="true" id="56" symbol="dipY"/>
        <entry field="true" id="55" symbol="dipX"/>
        <entry id="8388632" method="true" symbol="&lt;init&gt;"/>
        <entry id="4" module="true" symbol="globals/Rez/Menus"/>
        <entry id="8389683" method="true" symbol="onSettingsChanged"/>
        <entry field="true" id="46" symbol="ColorRed"/>
        <entry field="true" id="12" symbol="inBackground"/>
        <entry id="18" object="true" symbol="BgbgServiceDelegate"/>
        <entry field="true" id="50" symbol="MilitaryFormatTitle"/>
        <entry id="8388924" module="true" symbol="Gregorian"/>
        <entry field="true" id="8388611" module="true" symbol="Toybox"/>
        <entry field="true" id="45" symbol="ColorBlue"/>
        <entry id="41" object="true" symbol="scaffolding"/>
        <entry field="true" id="14" symbol="OSDATA"/>
        <entry field="true" id="54" symbol="AppName"/>
        <entry id="8388633" module="true" symbol="ActivityMonitor"/>
        <entry id="8" module="true" symbol="globals/Rez/Strings"/>
        <entry id="8389594" symbol="headers"/>
        <entry id="8388772" module="true" object="true" symbol="Fonts"/>
        <entry id="9" object="true" symbol="BatteryHelper"/>
        <entry field="true" id="43" symbol="shnweather"/>
        <entry id="8390147" object="true" symbol="ServiceDelegate"/>
        <entry id="8388648" module="true" symbol="WatchUi"/>
        <entry field="true" id="61" symbol="noseCapY"/>
        <entry field="true" id="60" symbol="noseCapX"/>
        <entry id="2" module="true" symbol="globals/Rez"/>
        <entry id="8390148" method="true" symbol="onTemporalEvent"/>
        <entry field="true" id="28" symbol="sunrise_bitmap"/>
        <entry id="17" object="true" symbol="DWatchFaceView"/>
        <entry id="8389124" method="true" symbol="onUpdate"/>
        <entry id="8389375" method="true" object="true" symbol="WatchFace"/>
        <entry field="true" id="8389065" symbol="locY"/>
        <entry field="true" id="8389064" symbol="locX"/>
        <entry id="8391489" module="true" symbol="Weather"/>
        <entry field="true" id="19" symbol="ts"/>
        <entry id="31" method="true" symbol="th"/>
        <entry id="8388771" module="true" object="true" symbol="Drawables"/>
        <entry id="8389348" symbol="font"/>
        <entry id="8390169" method="true" symbol="getServiceDelegate"/>
        <entry id="37" module="true" symbol="Menus"/>
        <entry id="8389275" method="true" symbol="getApp"/>
        <entry field="true" id="49" symbol="ColorDarkGray"/>
        <entry id="6" module="true" symbol="globals/Rez/Layouts"/>
        <entry field="true" id="30" symbol="lastupdated"/>
        <entry id="8389122" method="true" symbol="onLayout"/>
        <entry field="true" id="22" symbol="initTides"/>
        <entry id="8389376" method="true" symbol="onEnterSleep"/>
        <entry field="true" id="8389063" symbol="identifier"/>
        <entry id="8389349" symbol="justification"/>
        <entry id="21" method="true" symbol="makeRequest"/>
        <entry field="true" id="53" symbol="ColorWhite"/>
        <entry id="7" module="true" symbol="globals/Rez/JsonData"/>
        <entry id="20" method="true" symbol="responseCallback"/>
        <entry field="true" id="51" symbol="ColorBlack"/>
        <entry id="8388637" module="true" symbol="Communications"/>
        <entry field="true" id="52" symbol="DWatchfaceServerTitle"/>
        <entry id="3" module="true" symbol="globals/Rez/Drawables"/>
        <entry id="8390170" method="true" symbol="onBackgroundData"/>
        <entry id="35" method="true" symbol="WI"/>
        <entry field="true" id="10" symbol="bgdata"/>
        <entry id="8389844" symbol="responseType"/>
        <entry field="true" id="27" symbol="WeatherIconFont"/>
        <entry id="16" object="true" symbol="DWatchFaceApp"/>
        <entry id="33" method="true" symbol="drawTides"/>
        <entry id="8388786" method="true" symbol="method"/>
        <entry id="8389377" method="true" symbol="onExitSleep"/>
        <entry id="8388644" module="true" symbol="System"/>
        <entry field="true" id="59" symbol="noseCapHeight"/>
        <entry id="8388645" module="true" symbol="Time"/>
        <entry id="8388769" module="true" object="true" symbol="Rez"/>
        <entry field="true" id="38" symbol="SunsetIcon"/>
        <entry field="true" id="57" symbol="dipLength"/>
        <entry id="8388640" module="true" symbol="Lang"/>
        <entry id="8390088" module="true" object="true" symbol="JsonData"/>
        <entry id="8389068" method="true" symbol="draw"/>
        <entry field="true" id="40" symbol="LauncherIcon"/>
        <entry id="8388610" symbol="statics"/>
        <entry id="8389123" method="true" symbol="onShow"/>
        <entry field="true" id="15" symbol="globalServerUrl"/>
        <entry field="true" id="39" symbol="SunriseIcon"/>
        <entry id="8389350" module="true" symbol="globals"/>
        <entry field="true" id="48" symbol="BackgroundColorTitle"/>
        <entry id="8388770" module="true" object="true" symbol="Strings"/>
        <entry id="8390146" module="true" object="true" symbol="Background"/>
        <entry field="true" id="25" symbol="tidemin"/>
        <entry id="8388702" method="true" symbol="initialize"/>
        <entry id="8389279" method="true" symbol="onStart"/>
        <entry field="true" id="58" symbol="dipHeight"/>
        <entry field="true" id="24" symbol="tidemax"/>
        <entry id="8388641" module="true" symbol="Math"/>
        <entry field="true" id="44" symbol="ColorLightGray"/>
        <entry id="8391701" method="true" symbol="setAntiAlias"/>
        <entry field="true" id="23" symbol="tidebars"/>
        <entry id="8389280" method="true" symbol="getInitialView"/>
        <entry id="8389281" method="true" symbol="onStop"/>
        <entry field="true" id="26" symbol="smallNumFont"/>
        <entry id="8389347" symbol="color"/>
        <entry field="true" id="42" symbol="roboto1"/>
        <entry field="true" id="13" symbol="initialBackgroundTask"/>
        <entry field="true" id="47" symbol="ForegroundColorTitle"/>
        <entry id="36" module="true" symbol="Layouts"/>
        <entry id="8388636" module="true" symbol="Attention"/>
        <entry field="true" id="29" symbol="sunset_bitmap"/>
        <entry id="5" module="true" symbol="globals/Rez/Fonts"/>
        <entry id="8389125" method="true" symbol="onHide"/>
        <entry id="8388635" module="true" symbol="Application"/>
    </symbolTable>
    <localVars>
        <entry endPc="268436832" name="dictionary" stackId="1" startPc="268436791"/>
        <entry arg="true" endPc="268436899" name="dc" stackId="1" startPc="268436833"/>
        <entry endPc="268437373" name="yAspect" stackId="7" startPc="268436903"/>
        <entry endPc="268437373" name="yScale" stackId="5" startPc="268436903"/>
        <entry endPc="268437373" name="xScale" stackId="4" startPc="268436903"/>
        <entry endPc="268437373" name="screenWidth" stackId="2" startPc="268436903"/>
        <entry endPc="268437373" name="xAspect" stackId="6" startPc="268436903"/>
        <entry endPc="268437373" name="screenHeight" stackId="3" startPc="268436903"/>
        <entry endPc="268437373" name="dictionary" stackId="1" startPc="268436903"/>
        <entry endPc="268437822" name="color" stackId="5" startPc="268437378"/>
        <entry endPc="268437822" name="chargeLevelFill" stackId="4" startPc="268437378"/>
        <entry endPc="268437822" name="batteryChargeLevel" stackId="2" startPc="268437378"/>
        <entry endPc="268437822" name="isCharging" stackId="3" startPc="268437378"/>
        <entry arg="true" endPc="268437823" name="dc" stackId="1" startPc="268437374"/>
        <entry endPc="268435567" name="url" stackId="2" startPc="268435460"/>
        <entry endPc="268435567" name="my_url" stackId="1" startPc="268435460"/>
        <entry arg="true" endPc="268435573" name="state" stackId="1" startPc="268435568"/>
        <entry arg="true" endPc="268435578" name="state" stackId="1" startPc="268435573"/>
        <entry endPc="268435715" name="nextTime" stackId="2" startPc="268435653"/>
        <entry endPc="268435749" name="lastTime" stackId="1" startPc="268435629"/>
        <entry endPc="268436233" name="now" stackId="2" startPc="268435820"/>
        <entry endPc="268436233" name="ts" stackId="3" startPc="268435820"/>
        <entry arg="true" endPc="268436234" name="data" stackId="1" startPc="268435816"/>
        <entry endPc="268438134" name="temp" stackId="1" startPc="268437856"/>
        <entry endPc="268438134" name="myServerdata" stackId="2" startPc="268437856"/>
        <entry arg="true" endPc="268438177" name="dc" stackId="1" startPc="268438135"/>
        <entry endPc="268438217" name="tt" stackId="5" startPc="268438186"/>
        <entry arg="true" endPc="268438218" name="w" stackId="3" startPc="268438182"/>
        <entry arg="true" endPc="268438218" name="a" stackId="1" startPc="268438182"/>
        <entry arg="true" endPc="268438218" name="t" stackId="4" startPc="268438182"/>
        <entry arg="true" endPc="268438218" name="e" stackId="2" startPc="268438182"/>
        <entry endPc="268438987" name="no" stackId="14" startPc="268438886"/>
        <entry endPc="268439154" name="i" stackId="16" startPc="268439097"/>
        <entry endPc="268439154" name="start" stackId="15" startPc="268438331"/>
        <entry endPc="268439167" name="r" stackId="13" startPc="268438331"/>
        <entry endPc="268439177" name="nextoffsetmin" stackId="11" startPc="268438222"/>
        <entry endPc="268439177" name="nextoffsetindex" stackId="12" startPc="268438222"/>
        <entry endPc="268439177" name="offset" stackId="7" startPc="268438222"/>
        <entry endPc="268439177" name="min" stackId="3" startPc="268438222"/>
        <entry endPc="268439177" name="tt" stackId="10" startPc="268438222"/>
        <entry endPc="268439177" name="e" stackId="5" startPc="268438222"/>
        <entry endPc="268439177" name="max" stackId="4" startPc="268438222"/>
        <entry endPc="268439177" name="offsetmin" stackId="8" startPc="268438222"/>
        <entry endPc="268439177" name="a" stackId="2" startPc="268438222"/>
        <entry endPc="268439177" name="w" stackId="6" startPc="268438222"/>
        <entry endPc="268439177" name="t" stackId="9" startPc="268438222"/>
        <entry arg="true" endPc="268439178" name="tides" stackId="1" startPc="268438218"/>
        <entry endPc="268439680" name="i" stackId="11" startPc="268439300"/>
        <entry endPc="268439683" name="start" stackId="7" startPc="268439182"/>
        <entry endPc="268439683" name="width" stackId="3" startPc="268439182"/>
        <entry endPc="268439683" name="n" stackId="4" startPc="268439182"/>
        <entry endPc="268439683" name="dimheight" stackId="2" startPc="268439182"/>
        <entry endPc="268439683" name="offsetX" stackId="8" startPc="268439182"/>
        <entry endPc="268439683" name="myTime" stackId="10" startPc="268439182"/>
        <entry endPc="268439683" name="w" stackId="6" startPc="268439182"/>
        <entry endPc="268439683" name="height" stackId="5" startPc="268439182"/>
        <entry endPc="268439683" name="multiplier" stackId="9" startPc="268439182"/>
        <entry arg="true" endPc="268439684" name="dc" stackId="1" startPc="268439178"/>
        <entry endPc="268439945" name="arr" stackId="2" startPc="268439688"/>
        <entry endPc="268439945" name="valX" stackId="4" startPc="268439688"/>
        <entry endPc="268439945" name="val" stackId="3" startPc="268439688"/>
        <entry arg="true" endPc="268439946" name="deg" stackId="1" startPc="268439684"/>
        <entry endPc="268440478" name="T" stackId="2" startPc="268439950"/>
        <entry arg="true" endPc="268440479" name="v" stackId="1" startPc="268439946"/>
        <entry endPc="268440659" name="url" stackId="3" startPc="268440568"/>
        <entry endPc="268440751" name="blu" stackId="4" startPc="268440698"/>
        <entry endPc="268440819" name="myServerdata" stackId="5" startPc="268440754"/>
        <entry endPc="268442495" name="wi" stackId="19" startPc="268440483"/>
        <entry endPc="268442495" name="viewHour" stackId="10" startPc="268440483"/>
        <entry endPc="268442495" name="viewWindData" stackId="17" startPc="268440483"/>
        <entry endPc="268442495" name="cast" stackId="20" startPc="268440483"/>
        <entry endPc="268442495" name="datestr" stackId="2" startPc="268440483"/>
        <entry endPc="268442495" name="clockTime" stackId="7" startPc="268440483"/>
        <entry endPc="268442495" name="viewStatusData" stackId="18" startPc="268440483"/>
        <entry endPc="268442495" name="timeFormat" stackId="6" startPc="268440483"/>
        <entry endPc="268442495" name="viewSwellData" stackId="16" startPc="268440483"/>
        <entry endPc="268442495" name="viewSurfData" stackId="14" startPc="268440483"/>
        <entry endPc="268442495" name="viewMinutes" stackId="11" startPc="268440483"/>
        <entry endPc="268442495" name="today" stackId="9" startPc="268440483"/>
        <entry endPc="268442495" name="viewBattery" stackId="13" startPc="268440483"/>
        <entry endPc="268442495" name="hours" stackId="8" startPc="268440483"/>
        <entry endPc="268442495" name="viewSunData" stackId="15" startPc="268440483"/>
        <entry endPc="268442495" name="viewDate" stackId="12" startPc="268440483"/>
        <entry arg="true" endPc="268442496" name="dc" stackId="1" startPc="268440479"/>
        <entry endPc="268436502" name="url" stackId="2" startPc="268436338"/>
        <entry endPc="268436502" name="my_url" stackId="1" startPc="268436338"/>
        <entry endPc="268436595" name="res" stackId="3" startPc="268436507"/>
        <entry arg="true" endPc="268436596" name="responseCode" stackId="1" startPc="268436503"/>
        <entry arg="true" endPc="268436596" name="data" stackId="2" startPc="268436503"/>
        <entry endPc="268436747" name="options" stackId="3" startPc="268436600"/>
        <entry endPc="268436747" name="params" stackId="2" startPc="268436600"/>
        <entry arg="true" endPc="268436748" name="url" stackId="1" startPc="268436596"/>
        <entry arg="true" endPc="268442989" name="dc" stackId="1" startPc="268442540"/>
        <entry endPc="268445222" name="rez_cmp_local_text_batteryLabel" stackId="5" startPc="268443001"/>
        <entry endPc="268445222" name="rez_cmp_local_text_SUNT4Label" stackId="17" startPc="268443001"/>
        <entry endPc="268445222" name="rez_cmp_local_text_SUNT1Label" stackId="14" startPc="268443001"/>
        <entry endPc="268445222" name="rez_cmp_local_custom_drawable_10930687852127429399" stackId="4" startPc="268443001"/>
        <entry endPc="268445222" name="rez_cmp_local_text_TimeLabelMinutes" stackId="11" startPc="268443001"/>
        <entry endPc="268445222" name="rez_cmp_local_text_SUNT5Label" stackId="18" startPc="268443001"/>
        <entry endPc="268445222" name="rez_cmp_local_custom_drawable_scaffolding" stackId="3" startPc="268443001"/>
        <entry endPc="268445222" name="rez_cmp_local_text_DateLabel" stackId="12" startPc="268443001"/>
        <entry endPc="268445222" name="rez_cmp_local_text_SUNT2Label" stackId="15" startPc="268443001"/>
        <entry endPc="268445222" name="rez_cmp_local_text_sunData" stackId="6" startPc="268443001"/>
        <entry endPc="268445222" name="rez_cmp_local_text_windData" stackId="9" startPc="268443001"/>
        <entry endPc="268445222" name="rez_cmp_local_custom_drawable_12332333772738223231" stackId="2" startPc="268443001"/>
        <entry endPc="268445222" name="rez_cmp_local_text_statusLabel" stackId="13" startPc="268443001"/>
        <entry endPc="268445222" name="rez_cmp_local_text_SUNT3Label" stackId="16" startPc="268443001"/>
        <entry endPc="268445222" name="rez_cmp_local_text_TimeLabelHour" stackId="10" startPc="268443001"/>
        <entry endPc="268445222" name="rez_cmp_local_text_swellData" stackId="8" startPc="268443001"/>
        <entry endPc="268445222" name="rez_cmp_local_text_surfData" stackId="7" startPc="268443001"/>
        <entry arg="true" endPc="268445223" name="dc" stackId="1" startPc="268442989"/>
    </localVars>
    <annotations>
        <annotationEntry annotation="initialized" class="Drawables" module="globals/Rez" symbol="SunsetIcon"/>
        <annotationEntry annotation="initialized" class="Drawables" module="globals/Rez" symbol="SunriseIcon"/>
        <annotationEntry annotation="initialized" class="Drawables" module="globals/Rez" symbol="LauncherIcon"/>
        <annotationEntry annotation="initialized" class="Fonts" module="globals/Rez" symbol="roboto1"/>
        <annotationEntry annotation="initialized" class="Fonts" module="globals/Rez" symbol="shnweather"/>
        <annotationEntry annotation="initialized" class="Strings" module="globals/Rez" symbol="ColorLightGray"/>
        <annotationEntry annotation="initialized" class="Strings" module="globals/Rez" symbol="ColorBlue"/>
        <annotationEntry annotation="initialized" class="Strings" module="globals/Rez" symbol="ColorRed"/>
        <annotationEntry annotation="initialized" class="Strings" module="globals/Rez" symbol="ForegroundColorTitle"/>
        <annotationEntry annotation="initialized" class="Strings" module="globals/Rez" symbol="BackgroundColorTitle"/>
        <annotationEntry annotation="initialized" class="Strings" module="globals/Rez" symbol="ColorDarkGray"/>
        <annotationEntry annotation="initialized" class="Strings" module="globals/Rez" symbol="MilitaryFormatTitle"/>
        <annotationEntry annotation="initialized" class="Strings" module="globals/Rez" symbol="ColorBlack"/>
        <annotationEntry annotation="initialized" class="Strings" module="globals/Rez" symbol="DWatchfaceServerTitle"/>
        <annotationEntry annotation="initialized" class="Strings" module="globals/Rez" symbol="ColorWhite"/>
        <annotationEntry annotation="initialized" class="Strings" module="globals/Rez" symbol="AppName"/>
    </annotations>
    <dataEntryOffsetMappings>
        <dataEntry label="globals" offset="87" parentId="" symbolId="globals" type="module"/>
        <dataEntry label="globals/DWatchFaceApp" offset="230" parentId="globals" symbolId="DWatchFaceApp" type="class"/>
        <dataEntry label="globals/BgbgServiceDelegate" offset="325" parentId="globals" symbolId="BgbgServiceDelegate" type="class"/>
        <dataEntry label="globals/Background" offset="754" parentId="globals" symbolId="Background" type="class"/>
        <dataEntry label="globals/DWatchFaceView" offset="809" parentId="globals" symbolId="DWatchFaceView" type="class"/>
        <dataEntry label="globals/Rez" offset="1016" parentId="globals" symbolId="Rez" type="module"/>
        <dataEntry label="globals/Rez/Drawables" offset="1095" parentId="Rez" symbolId="Drawables" type="module"/>
        <dataEntry label="globals/Rez/Drawables/scaffolding" offset="1158" parentId="Drawables" symbolId="scaffolding" type="class"/>
        <dataEntry label="globals/Rez/Menus" offset="1213" parentId="Rez" symbolId="Menus" type="module"/>
        <dataEntry label="globals/Rez/Fonts" offset="1244" parentId="Rez" symbolId="Fonts" type="module"/>
        <dataEntry label="globals/Rez/Layouts" offset="1291" parentId="Rez" symbolId="Layouts" type="module"/>
        <dataEntry label="globals/Rez/JsonData" offset="1330" parentId="Rez" symbolId="JsonData" type="module"/>
        <dataEntry label="globals/Rez/Strings" offset="1361" parentId="Rez" symbolId="Strings" type="module"/>
        <dataEntry label="globals/BatteryHelper" offset="1480" parentId="globals" symbolId="BatteryHelper" type="class"/>
    </dataEntryOffsetMappings>
    <functions>
        <functionEntry accessMode="public" name="initialize" parent="Background">
            <documentation/>
        </functionEntry>
        <functionEntry accessMode="public" name="draw" parent="Background">
            <param id="dc"/>
            <documentation/>
        </functionEntry>
        <functionEntry accessMode="public" name="initialize" parent="BatteryHelper">
            <documentation/>
        </functionEntry>
        <functionEntry accessMode="public" name="draw" parent="BatteryHelper">
            <param id="dc"/>
            <documentation/>
        </functionEntry>
        <functionEntry accessMode="public" name="initialize" parent="DWatchFaceApp">
            <documentation/>
        </functionEntry>
        <functionEntry accessMode="public" name="onStart" parent="DWatchFaceApp">
            <param id="state"/>
            <documentation/>
        </functionEntry>
        <functionEntry accessMode="public" name="onStop" parent="DWatchFaceApp">
            <param id="state"/>
            <documentation/>
        </functionEntry>
        <functionEntry accessMode="public" name="getInitialView" parent="DWatchFaceApp">
            <documentation/>
        </functionEntry>
        <functionEntry accessMode="public" name="onBackgroundData" parent="DWatchFaceApp">
            <param id="data"/>
            <documentation/>
        </functionEntry>
        <functionEntry accessMode="public" name="getServiceDelegate" parent="DWatchFaceApp">
            <documentation/>
        </functionEntry>
        <functionEntry accessMode="public" name="onSettingsChanged" parent="DWatchFaceApp">
            <documentation/>
        </functionEntry>
        <functionEntry accessMode="public" name="getApp">
            <documentation/>
        </functionEntry>
        <functionEntry accessMode="public" name="initialize" parent="DWatchFaceView">
            <documentation/>
        </functionEntry>
        <functionEntry accessMode="public" name="onLayout" parent="DWatchFaceView">
            <param id="dc"/>
            <documentation/>
        </functionEntry>
        <functionEntry accessMode="public" name="onShow" parent="DWatchFaceView">
            <documentation/>
        </functionEntry>
        <functionEntry accessMode="public" name="th" parent="DWatchFaceView">
            <param id="a"/>
            <param id="e"/>
            <param id="w"/>
            <param id="t"/>
            <documentation/>
        </functionEntry>
        <functionEntry accessMode="public" name="initTidesHeight" parent="DWatchFaceView">
            <param id="tides"/>
            <documentation/>
        </functionEntry>
        <functionEntry accessMode="public" name="drawTides" parent="DWatchFaceView">
            <param id="dc"/>
            <documentation/>
        </functionEntry>
        <functionEntry accessMode="public" name="degToCompass" parent="DWatchFaceView">
            <param id="deg"/>
            <documentation/>
        </functionEntry>
        <functionEntry accessMode="public" name="WI" parent="DWatchFaceView">
            <param id="v"/>
            <documentation/>
        </functionEntry>
        <functionEntry accessMode="public" name="onUpdate" parent="DWatchFaceView">
            <param id="dc"/>
            <documentation/>
        </functionEntry>
        <functionEntry accessMode="public" name="onHide" parent="DWatchFaceView">
            <documentation/>
        </functionEntry>
        <functionEntry accessMode="public" name="onExitSleep" parent="DWatchFaceView">
            <documentation/>
        </functionEntry>
        <functionEntry accessMode="public" name="onEnterSleep" parent="DWatchFaceView">
            <documentation/>
        </functionEntry>
        <functionEntry accessMode="public" name="initialize" parent="BgbgServiceDelegate">
            <documentation/>
        </functionEntry>
        <functionEntry accessMode="public" name="onTemporalEvent" parent="BgbgServiceDelegate">
            <documentation/>
        </functionEntry>
        <functionEntry accessMode="public" name="responseCallback" parent="BgbgServiceDelegate">
            <param id="responseCode"/>
            <param id="data"/>
            <documentation/>
        </functionEntry>
        <functionEntry accessMode="public" name="makeRequest" parent="BgbgServiceDelegate">
            <param id="url"/>
            <documentation/>
        </functionEntry>
        <functionEntry accessMode="public" name="initialize" parent="scaffolding">
            <documentation/>
        </functionEntry>
        <functionEntry accessMode="public" name="draw" parent="scaffolding">
            <param id="dc"/>
            <documentation/>
        </functionEntry>
        <functionEntry accessMode="public" name="WatchFace" parent="Layouts">
            <param id="dc"/>
            <documentation/>
        </functionEntry>
    </functions>
</debugInfo>
