{"settings":[{"key":"DWatchfaceServer","valueType":"string","defaultValue":"","configTitle":"DWatchfaceServerTitle","configPrompt":null,"configHelpUrl":null,"configError":null,"configType":"url","configReadonly":false,"configRequired":false,"configOptions":null,"configMin":null,"configMax":null,"configMaxLength":null}],"languages":{"valyrian":{"ColorLightGray":"Light Gray","ColorBlue":"Blue","ColorRed":"Red","ForegroundColorTitle":"Foreground Color","BackgroundColorTitle":"Background Color","ColorDarkGray":"Dark Gray","MilitaryFormatTitle":"Military Format for 24 Hour Time","ColorBlack":"Black","DWatchfaceServerTitle":"DWatchface Server","ColorWhite":"White","AppName":"Deas WatchFace"}}}